idTweet,fullText,Polaridad
1482870411616526338,"@IvanDuque @LassoGuillermo @COP26 La intenci√≥n es buena se√±or presidente Duque, proteger el fondo Marino y la fauna Marina es un deber de todas las presidentes en todas las naciones, as√≠ que lo que lasso Guillermo ha hecho es muy bueno Y si usted est√° apoyando mucho mejor,"
1482110856703926272,@LassoGuillermo La aplicaci√≥n de las Islas Gal√°pagos es la mejor opci√≥n que ha tomado el presidente Guillermo Lasso resguardando la reserva marina para un mejor avance
1480633405951946763,"@LassoGuillermo
@xvgGeoengineer
@Ambiente_Ec
@RecNaturalesEC
 Agradecimiento al presidente de la rep√∫blica se√±or GUILLERMO LASSO MENDOZA que muy acertadamente ha dispuesto el mejor contingente   en conjunto con los dem√°s t√©cnicos, militares y sociedad civil. #Zaruma #Mineria https://t.co/n5Vh6Vaaxj"
1482689910045818883,"@vmaino @LassoGuillermo @guido_chiriboga @GustavoManriq_M @biancadager @ComunicacionEc El mundo reconoce las buenas decisiones de nuestro Sr. Presidente Guillermo Lasso la Humanidad se lo agradece.
Siga adelante..."
1479836962387279883,"Mi apoyo irrestricto al se√±or presidente Constitucional Guillermo Lasso, al se√±or Asamble√≠sta licenciado Fernando Villavicencio y a la se√±ora Fiscal Doctora Diana Salazar, √∫nicos h√©roes Ecuatorianos. https://t.co/0VahzEyGZ4"
1479836592906903563,"Mi apoyo irrestricto al se√±or presidente Constitucional Guillermo Lasso, al se√±or Asamble√≠sta licenciado Fernando Villavicencio y a la se√±ora Fiscal Doctora Diana Salazar, √∫nicos h√©roes Ecuatorianos https://t.co/tc3XUq3fLx"
1479813698352988166,"APOYEMOS A DIANA SALAZAR. 
Junto a Fernando Villavicencio y  Guillermo Lasso son  baluartes en la lucha contra los pillos corre√≠stas. Hagamos tendencia este apoyo hasta ENCARCELAR a tanto corrupto robolucionario, hoy los m√°s millonarios de Ecuador
#RedDeTuiterosDemocraticos https://t.co/KFctTO7VMn"
1481463914403667968,@cacaguate2021 FUE GUILLERMO LASSO QUIEN APOYO A LENIN MORENO PARA LA CONSULTA POPULAR DEL 7 VECES SI PARA BLOQUEAR A CORREA COMO CANDIDATO A PRESIDENTE Y PONER A TRUJILLO PARA Q CAMBIE TODOS LOS ORGANISMOS DE CONTROL. Bsnco de Guayaquil. https://t.co/3NnSE9M23i
1481291883473252352,"üî¥#ATENCI√ìN üî¥ @yakuperezg , mostr√≥ su apoyo a la #movilizaci√≥n convocada para este 19 de enero por organizaciones sociales. Adem√°s, afirma ‚Äúel modelo neoliberal del se√±or Guillermo Lasso es atentatorio, no solamente a los pueblos ind√≠genas sino a los ecuatorianos‚Äù. 
#HojadeRuta https://t.co/NiF06vZHRg"
1481420132345946113,@jconstantine64 @ProfCREO @fabupa68 @guido_chiriboga Gracias por la invitaci√≥n y presto a colaborar por el progreso del Pa√≠s. Apoyo total al Presidente de la Rep√∫blica Sr. Guillermo Lasso. Por el Gobierno del Encuentro!!üí™üèªüí™üèªüëäüèªü§ùüèª
1480983558453964806,"üî¥La Brigada en la Asamblea Nacional| #ATENCI√ìN ¬°M√°s golpes a la Salud!
Los Asamble√≠stas de #Manab√≠, rechazan la reducci√≥n del presupuesto al Hospital de la provincia, adem√°s, piden apoyo al Presidente, Guillermo Lasso.
#LassoStyle
#LassoFascista
#LassoEsMoreno https://t.co/ufdW1BVhSO"
1480948679783682055,"Lasso guillermo ,asamblea nacional,ministerios d apoyo con bonos a la poblaci√≥n 
Es urgente depurar esa lista d beneficiarios d bonos q da el gobierno,est√°n agarrando s bono personas q no necesita muchachos d 20 a√±os,son consumidores,y ellos cobran,es nuestro dinerono √∑botar as√≠"
1479976005502701571,@EsNathyJimenez @justiciero_elj @PoliciaEcuador A veces me pregunto por qu√© Guillermo Lasso no env√≠a un proyecto de ley para cambiar estas leyes absurdas que tenemos???  Pero me acuerdo que estas leyes socialistas fueron creadas con el apoyo de CREO y el PSC y se me pasa....
1457690614817042432,"@guido_chiriboga @JuanCar37967742 @LassoGuillermo @LaDataEc @BancadaAN_EC @CREOEcuador @jovenesCREO FUSI√ìN DEM√ìCRATA SANTO DOMINGO DE LOS TS√ÅCHILAS
Juntos, por el cambio, a proteger la Democracia, apoyo incondicional, Guillermo Lasso
Eklin Bocner Guerrero
Coordinador Provincia Santo Domingo de los Ts√°chilas"
1480558476971720706,"Yo apoyo a  Guillermo Lasso !
Pese a todas las circunstancias que vivimos, el pa√≠s muestra estabilidad. 
Me pregunto ¬øa estas alturas, c√≥mo estar√≠a el Ecuador con el lelo de presidente? https://t.co/K3P31eOtDV"
1478125352358662148,"El 59,07% de los ecuatorianos eval√∫an como ""mala"" y ""muy mala"" la gesti√≥n de Guillermo Lasso, seg√∫n Perfiles de Opini√≥n. La firma encuest√≥ a 1.238 personas en Quito, Guayaquil, Manta y Cuenca. Lasso cuenta con mayor apoyo en la capital, donde un 46.98% de la poblaci√≥n lo respalda https://t.co/QaUqXnu3To"
1479836962387279883,"Mi apoyo irrestricto al se√±or presidente Constitucional Guillermo Lasso, al se√±or Asamble√≠sta licenciado Fernando Villavicencio y a la se√±ora Fiscal Doctora Diana Salazar, √∫nicos h√©roes Ecuatorianos. https://t.co/0VahzEyGZ4"
1479836592906903563,"Mi apoyo irrestricto al se√±or presidente Constitucional Guillermo Lasso, al se√±or Asamble√≠sta licenciado Fernando Villavicencio y a la se√±ora Fiscal Doctora Diana Salazar, √∫nicos h√©roes Ecuatorianos https://t.co/tc3XUq3fLx"
1482801617082662912,"@LassoGuillermo LO SABE con la #RevolucionCiudadana @RC5Oficial con la conducci√≥n del Co. Presidente @MashiRafael EST√ÅBAMOS MEJOR.
Pero, tiene el alem√°n, ¬øse olvido? o miente descaradamente.
Gracias #Damacio
Vean entrevista de @AndresCarrion2 en 2012 @VerdugaAbraham @andresspaudo https://t.co/WuHwVL0nCM"
1482822331022073859,"Y esta cloaca para cuando presidente @LassoGuillermo ?
Desaparecer el @CpccsEc fue promesa de campa√±a. Se venden al mejor postor. https://t.co/JngWhT9E5Y"
1482870492096864260,"@IvanDuque @LassoGuillermo @COP26 recuerde que todo lo que existe es obra de la creaci√≥n de Dios Y si usted como presidente se√±or Iv√°n Duque coloca a Dios de primero es mucho mejor, porque m√°s grande m√°s poderoso el Rey de reyes y Se√±or de se√±ores.
JESUCRISTO ES EL SE√ëOR!!"
1482870411616526338,"@IvanDuque @LassoGuillermo @COP26 La intenci√≥n es buena se√±or presidente Duque, proteger el fondo Marino y la fauna Marina es un deber de todas las presidentes en todas las naciones, as√≠ que lo que lasso Guillermo ha hecho es muy bueno Y si usted est√° apoyando mucho mejor,"
1482186304007946240,"La mejor noticia del d√≠a:el Presidente @LassoGuillermo desencajona la consulta por la cual vot√≥ un 53% ;la reducir√° a transformar la Justicia y a la Reforma Laboral‚Ä¶por ahora. Fecha:febrero 2023,junto a las elecciones."
1482040427746402305,"Nuestro Presidente @LassoGuillermo con el ex Presidente de EEUU @BillClinton, en la firma de la nueva Reserva Marina de Galapagos üê¢

As√≠ se construye un mejor mundo
 üá™üá®ü§ùüá∫üá∏

El Presidente lo ofreci√≥ en Glasgow, y ahora CUMPLIDO üí™ https://t.co/6x2wMNzC4G"
1482146366759612419,"Avanzamos en nuestra propuesta de conformar el √°rea protegida marina m√°s grande del mundo, y se ratifica con la firma del Decreto del Presidente @LassoGuillermo. Coincidimos con el Expresidenteüá∫üá∏, @BillClinton, en trabajar por un mejor ma√±ana, protegiendo la biodiversidad. https://t.co/GXymlFxTEV"
1482791341864239107,"@wgomezr @LassoGuillermo Seguir√© insistiendo , las barbaridades del presidente muchos las tenemos claridad, pero lo que no entendemos es que sto no es far√°ndula es la vida real, publique una ley o propuesta planteada para resolver las cagadas del presidente este y ser√° mejor que el ."
1482774941653245959,"@ErmelRosario Bien merecido tenemos vivir √©sta  pesadilla por ser tan ingratos,mal agradecidos,por tanto odio a un hombre que transform√≥ √©ste pa√≠s @MashiRafael Siempre ser√° recordado por ser el mejor presidente que tuvo #Ecuador Mientras que @LassoGuillermo lo contrario ü§∑üèº‚Äç‚ôÄÔ∏è"
1482754066883264522,"@larryyumibandam @LassoGuillermo Es obvio que el administrador actual debe decir que su trabajo es el mejor; al parecer no vieron toda la entrevista, el actual presidente del Pac√≠fico entre otras cosas indic√≥ que es bueno vender, y como no pensar as√≠ si al final es puesto por el gobierno privatizador"
1482745171703910412,"@RoqueOrdone @MashiRafael @Lenin @LassoGuillermo @RC5Oficial @marcelaguinaga @dorissoliz @FaustoJarrinT @pabelml @PaolaCabezasC @IvanAbrilRC @jotalloretv @MoniPalaciosZ @virgiliohernand @kukyrojas @RicardoPatinoEC El mejor presidente del mundo   al que le duele  le duele Rafael  sera y es el mejor del Ecua  saludos Buenos dias amigos que este dia sea el mejor para usted y su familia  https://t.co/APHwRhdfHe
  en vivo   sus exitos por https://t.co/V9srk2AENJ"
1472954109154242566,"Sr. Presidente @LassoGuillermo parecer√≠a que la burocracia soberana no sabe que 100%x0=0; que el gas asociado tiene valor; que es mejor econ√≥mica y ambientalmente industrializarlo y solo entonces satisfacer mayor demanda con importaci√≥n, que no es juego suma cero. Ministro? Zzzz!"
1482102393139511300,"@MLAlcivar Ojal√° su esposo @LassoGuillermo vete esa ley criminal. El es el Presidente y debe ser fuerte para tomar las mejores decisiones para el pa√≠s, y el aborto no es la mejor decisi√≥n para el pa√≠s. Es una decisi√≥n irresponsable y criminal, que va atraer m√°s problemas que soluciones."
1482698900020596737,"@NotiViralesEc @LassoGuillermo  este man ni le eso
Ni le importa lo que pase lo que quiere es evadir impuestos siendo presidente tanto millones que tendr√° este banquero que invierta tambi√©n para Ecuador armar a la polic√≠a por qu√© el delincuente est√° m√°s capacitado y mejor armado"
1482668728806486023,"Felicitaciones al presidente @LassoGuillermo por fin la Consulta Popular para el cambio y la reinstitucionalizacion de la Justicia ‚Ä¶.
LO MEJOR, QUE SE VALLAN TODOS"
1482583416394686465,@LassoGuillermo acertaste y lo sigues acertando que @MashiRafael fue el mejor presidente üòâ https://t.co/6SmZBheta7
1482545169446498304,@exactodigital El Presidente @LassoGuillermo est√° cambiando el futuro de las Gal√°pagos al extender las Reservas Marinas para una mejor protecci√≥n de su fauna #MasReservaMasVida #Gal√°pagosProtegido @ComunicacionEc @notimundoec https://t.co/wpyCSHvCu5
1482527776171302912,"@patriotaEcuador @LassoGuillermo De donde sacas eso?
El Presidente Lasso dijo que va a vetar esa ley, mejor informarse antes de hablar"
1482527546260471810,@CeciliaNarvez3 @LeoLeo_22 @DaroFer42 @ferpedx @dawnwtravel @CelebrityCruise @TravelBestBets @LassoGuillermo @MMontalvoEC @lahoraecuador El presidente si trabaja por un mejor Ecuador y lo demuestra con hechos . #MasReservaMasVida #Gal√°pagosProtegido @LassoGuillermo https://t.co/9hWKi3SApo
1482524378663432195,@LeoLeo_22 @DaroFer42 @SolisSergio5 @elcomerciocom @LassoGuillermo @AlexandraVelaP El mejor presidente que podemos tener siempre cuidando a las Gal√°pagos.. #MasReservaMasVida #Gal√°pagosProtegido @LassoGuillermo https://t.co/OOyxEK9Xgi
1482504561814347777,"@EUAmbEcuador @LassoGuillermo @GustavoManriq_M @juancaholguin Felicidades Presidente lasso hoy  se dio a conocer una gran noticia y la mejor decisi√≥n de nombrar al ing.Joan Daniel como ministro del CGREG que el hombre cubri√≥ toda necesidad de Gal√°pagos.#MasReservaMasVida
#Gal√°pagosProtegido @LassoGuillermo @MLAlcivar https://t.co/iAMWppVGpv"
1482053759614214145,"Por ustedes, queridos j√≥venes, y bajo el liderazgo del presidente @LassoGuillermo, estamos transformando la Senescyt, promoviendo pol√≠ticas que ampl√≠en sus oportunidades de acceder a una mejor formaci√≥n superior. ¬°La educaci√≥n es el pilar del desarrollo del üá™üá®!

#JuntosLoLogramos https://t.co/0Wrt42Zpto"
1482479457382572032,@LeoLeo_22 @Juanchi12ga @revistavistazo @LassoGuillermo @diegoordonezg @teleSURtv @MLAlcivar Vamos por buen camino con el presidente @LassoGuillermo las Gal√°pagos est√°n mejor.. #MasReservaMasVida #Gal√°pagosProtegido https://t.co/FFiBoD1gym
1482479145091321860,"@EPPETROECUADOR Los ecuatorianos obtendremos lo que el presidente @LassoGuillermo ofreci√≥ en campa√±a, duplicar la producci√≥n del petr√≥leo y con ello tener mejor sistema salud, de educaci√≥n, v√≠as, etc de alta calidad!.."
1482477674216005636,@LeoLeo_22 @CeciliaNarvez3 @DaroFer42 @SolisSergio5 @ECUADORCHEQUEA @LassoGuillermo @carlosjijon El presidente @LassoGuillermo trabajo para que las Gal√°pagos est√©n cada d√≠a mejor eso hay que agradecerlo..  #MasReservaMasVida #GalapagosProtegido https://t.co/SoGEeYYVDL
1482475119306059777,"@Patipa66 @Juanchi12ga @revistavistazo @LassoGuillermo @diegoordonezg @teleSURtv @MLAlcivar Tenemos el mejor pa√≠s del mundo y las Gal√°pagos hay que cuidarlas, apoyo al presidente @LassoGuillermo por esta decisi√≥n.  #MasReservaMasVida #Gal√°pagosProtegido https://t.co/lrQd6nk8yf"
1482469979832426498,"@CarlaCardenasR @equairECU @gabisommerfeld @minturgalapagos @parquegalapagos @CGGalapagos Felicidades Presidente lasso hoy  se dio a conocer una gran noticia y la mejor decisi√≥n de nombrar al ing.Joan Daniel como ministro del CGREG que el hombre cubri√≥ toda necesidad de Gal√°pagos.#MasReservaMasVida
#Gal√°pagosProtegido @LassoGuillermo @MLAlcivar https://t.co/sPvPwC4bwu"
1482452966166650888,"@Efuentesec @LassoGuillermo @ABorreroVega @Salud_Ec Esta asalariada mujer adem√°s de ingnorante en el mejor de la salud escolar, docente y administrativa, es corrupta, debe ser enjuiciada, sentenciada y encarcelada, ayer el presidente Lasso en entrevistado por Ecuavisa, afirmaba que la salud comunitaria estaba por encima de todo."
1482440788453863425,"@EUAmbEcuador @LassoGuillermo @GustavoManriq_M @juancaholguin Felicidades Presidente lasso hoy  se dio a conocer una gran noticia y la mejor decisi√≥n de nombrar al ing.Joan Daniel como ministro del CGREG que el hombre cubri√≥ toda necesidad de Gal√°pagos.#MasReservaMasVida
#Gal√°pagosProtegido @LassoGuillermo @MLAlcivar https://t.co/IR572FjSaM"
1482413332338515969,"@IvanDuque @LassoGuillermo @COP26 @LassoGuillermo el mejor presidente que tenemos, el si ve por las necesidades del pueblo, de la fauna y flora estamos comprometidos con la naturaleza 
 #MasReservaMasVida #Gal√°lapagosProtegido 
@ComunicacionEc https://t.co/8eBQygPEta"
1482411773433155586,"@infobaeamerica Felicidades Presidente lasso hoy  se dio a conocer una gran noticia y la mejor decisi√≥n de nombrar al ing.Joan Daniel como ministro del CGREG que el hombre cubri√≥ toda necesidad de Gal√°pagos.#MasReservaMasVida
#Gal√°pagosProtegido @LassoGuillermo @MLAlcivar https://t.co/wZHAuk9noh"
1482402233803231238,"@ComunicacionEc Hemos hecho una elecci√≥n consciente de nuestro gobernante el se√±or presidente @LassoGuillermo es la mejor opci√≥n que hemos elegido como nuestro presidente
#MasReservaMasVida
#Gal√°pagosProtegido
@lahoraec
@eluniversocom https://t.co/1NENQpEpuP"
1482378744467791874,@juancaholguin @LassoGuillermo @CancilleriaEc @Presidencia_Ec @Ambiente_Ec @ComunicacionEc @CRcancilleria FMI ello sabes el mejor presidente es correa as√≠ q lasso sea perro de FMI nunca lo van alzar https://t.co/cahnhrynSk
1482359059051425794,@LassoGuillermo @DeporteEc ESO YA LO HIZO EL MEJOR PRESIDENTE QUE HA TENIDO EL ECUADOR EN TODA SU HISTORIA EL ECONOMISTA RAFAEL CORREA DELGADO; EL MISMO QUE TODAV√çA LES TIENE ASUSTADOS
1482358499560542214,"@juancaholguin @Gonzalo44564179 @BillClinton @LassoGuillermo @USembassyEC @CancilleriaEc Un 'testigo de honor' de la calidad de Bill Clinton, un hombre relacionado al difunto acosador sexual Jeffrey Epstein, a criterio del responsable de la pol√≠tica exterior del Ecuador era lo mejor para la ceremonia, al fin y al cabo: ¬°El 'fulano' es un ex Presidente de los EE.UU.!"
1482352349196791814,"@LassoGuillermo es tan malo como presidente, que al final es la mejor ayuda para √©l @MashiRafael. Ahora hasta los Anticorreistas creen que con Correa est√°bamos mejor. ü§∑üèΩ‚Äç‚ôÇÔ∏èü§∑üèΩ‚Äç‚ôÇÔ∏èü§£ü§£"
1482785463639449607,"Super ch√©vere Sr @LassoGuillermo, ah√≠ van 10 nuevos ricos con charoLASSOS de caramelos, seguro que tendr√°n en pocos meses dinero para viajar por todo #Ecuador, con refrigeradora nueva y llena, libros y ropa para sus hijos y seguro ahorrar en el banco ""lo mejor estar por venir"" https://t.co/rMWiirACVy"
1482801247870726149,"@MashiRafael Pero el Plan ""Ecuador is Open for Business"" de @LassoGuillermo confirma que la Refineria del Pasifico y todas las obras de CORREA son lo mejor para atraer INVERSION https://t.co/ZyDiWxj4Yv"
1482698900020596737,"@NotiViralesEc @LassoGuillermo  este man ni le eso
Ni le importa lo que pase lo que quiere es evadir impuestos siendo presidente tanto millones que tendr√° este banquero que invierta tambi√©n para Ecuador armar a la polic√≠a por qu√© el delincuente est√° m√°s capacitado y mejor armado"
1482358499560542214,"@juancaholguin @Gonzalo44564179 @BillClinton @LassoGuillermo @USembassyEC @CancilleriaEc Un 'testigo de honor' de la calidad de Bill Clinton, un hombre relacionado al difunto acosador sexual Jeffrey Epstein, a criterio del responsable de la pol√≠tica exterior del Ecuador era lo mejor para la ceremonia, al fin y al cabo: ¬°El 'fulano' es un ex Presidente de los EE.UU.!"
1482105589383811079,"@LuchoSuarez60 @Presidencia_Ec @Ambiente_Ec @parquegalapagos @GustavoManriq_M @Mas_Galapagos @max_bello_m @robertoochoahe @CI_Ecuador @FrenteInsularR1 @SylviaEarle Una vez m√°s nuestro presidente @LassoGuillermo demuestra a todo su pueblo de Ecuador que lo que se promete se cumple, juntos por un mejor bienestar para la provincia de Gal√°pagos! @CancilleriaEc #MasReservaMasVida #Gal√°pagosProtegido"
1481652709061058572,"Pero si hay recursos para un equipo del Banco de Guayaquil, de @LassoGuillermo.
Ya entienden por qu√© un banquero #Offshore ambicioso, con dinero en para√≠sos fiscales, no era lo mejor para #Ecuador? https://t.co/6zHrmSMZqT"
1481627251699507202,@RadioHuancavilk @parosemena Todo lo q va a realizar no sirve para nada pirq hay una ley COIP q no ayuda a poner a√±os de c√°rcel a los delincuencia asesinatos droga as√≠ de simple mejor q le d√≠ga a @LassoGuillermo ya es hora de modificar la ley COIP #Ecuador
1479860467506069509,"@JanesitaSantos @VillaFernando_ Ecuador tiene 3 actores pol√≠ticos que en este momento est√°n dando lo mejor que tienen para sacar el pa√≠s adelante.
@LassoGuillermo  
@DianaSalazarM2 
@VillaFernando_ 
Mis oraciones est√°n con estos tres importantes actores pol√≠ticos del momento.
¬°DIOS LOS BENDIGA! üôè"
1480019960114130945,"@RosaMartz_z @GoberLoja @LassoGuillermo @CesarRohon @LassoGuillermo Dando todo lo mejor de el para un mejor vivir a todo los ciudadanos de nuestro pa√≠s Ecuador cumpliendo siempre, la reactivaci√≥n econ√≥mica  es un hecho #JuntosCumplimos #CreditoDeLasOportunidades  @CesarRohon"
1480002203234586625,#JuntosCumplimos seguimos avanzando en temas de econom√≠a cr√©dito al 1% @LassoGuillermo cumple con la agricultura eres un hombre que solo quieres lo mejor para nuestro gran pa√≠s ecuador @CancilleriaEc #Cr√©ditoDeLasOportunidades
1479996343120707591,@Mrcognzl @LassoGuillermo @DonosoEcuador Opciones que se pueden aprovechar con estos #Cr√©ditoDeLasOportunidades y sacar lo mejor para que en Ecuador tengamos una reactivaci√≥n econ√≥mica bastante fluida para todos #JuntosCumplimos @LassoGuillermo @CancilleriaEc
1479992139052462087,"@MiguelRqw @PlanificacionEc @LassoGuillermo @simoncueva Cada d√≠a vamos a lograr la reactivacion econ√≥mica  de nuestro bello Ecuador, ecuador somos todos #JuntosCumplimos presidente @LassoGuillermo eres un hombre que solo quere lo mejor para nuestro pa√≠s #Cr√©ditoDeLasOportunidades @Vice_Ec"
1479989119124135939,"@CarmenJuliaLoc @DonosoEcuador @LassoGuillermo Trabajamos unidos por la reactivaci√≥n econ√≥mica de nuestro pa√≠s, cr√©dito al 1% eres un hombre que solo quieres lo mejor para nuestro ecuador @LassoGuillermo
@simoncueva #JuntosCumplimos
#Cr√©ditoDeLasOportunidades"
1479951050367029250,"@Eduardo70qw @JuL0pez0 @Efuentesec @LassoGuillermo @Edu_Bonilla La reactivacion econ√≥mica del pa√≠s es gracias al presidente @LassoGuillermo nuestro ecuador estara con mayor fuerza, todos vamos dando lo mejor  para recuperar la econom√≠a del pa√≠s cr√©dito al 1% para todas las familias
#CreditoDeLasOportunidades
#JuntosCumplimos
@simoncueva"
1479950235799535619,"@Eduardo70qw @AndrsGarcas3 @ZamoDanila @bestrebornista @DonReborn2 @LassoGuillermo @CesarRohon @Edu_Bonilla La reactivacion econ√≥mica del pa√≠s es gracias al presidente @LassoGuillermo ecuador estara con mayor fuerza todos vamos dando lo mejor  para recuperar la econom√≠a del pa√≠s 
#CreditoDeLasOportunidades
#JuntosCumplimos
@simoncueva"
1479949496213774336,"@Eduardo70qw @Gar97Mar @JulioCesarUV @LassoGuillermo @Edu_Bonilla La reactivacion econ√≥mica del pa√≠s sera con mayor fuerza todos vamos dando lo mejor  para recuperar la econom√≠a de nuestro bello pa√≠s. Ecuador somos todos 
@LassoGuillermo
#CreditoDeLasOportunidades
#JuntosCumplimos
@simoncueva"
1479948637627199489,@JuL0pez0 @Efuentesec @LassoGuillermo @LassoGuillermo Eres un hombre que solo quiere lo mejor para nuestro pa√≠s gracias por la reactivaci√≥n econ√≥mica cr√©dito al 1% ecuador somos todos presidente #JuntosCumplimos #Cr√©ditoDeLasOportunidades @Edu_Bonilla
1479914650917650437,"@DefenseEcu @LassoGuillermo Defendiendo lo bueno y arreglando lo malo, #JuntosCumplimos @LassoGuillermo. Un incremento en las ventas que promete catapultar a nuestro Ecuador a una mejor reactivaci√≥n econ√≥mica, una nueva era, un mejor futuro para todos üëèüëè #Cr√©ditoDeLasOportunidades"
